annee;cde_pays;pays;cde_unite;unite;valeur_mesuree
2002;AUT;Autriche;PT_B1GQ;Pourcentage du PIB;70,7
2002;AUT;Autriche;XDC;Monnaie nationale;159110,9
2003;AUT;Autriche;PT_B1GQ;Pourcentage du PIB;69,7
2003;AUT;Autriche;XDC;Monnaie nationale;160705,6
2004;AUT;Autriche;PT_B1GQ;Pourcentage du PIB;68,8
2004;AUT;Autriche;XDC;Monnaie nationale;165422,5
2005;AUT;Autriche;XDC;Monnaie nationale;183052,4
2005;AUT;Autriche;PT_B1GQ;Pourcentage du PIB;72,5
2006;AUT;Autriche;XDC;Monnaie nationale;190628,8
2006;AUT;Autriche;PT_B1GQ;Pourcentage du PIB;71,7
2007;AUT;Autriche;XDC;Monnaie nationale;196121,3
2007;AUT;Autriche;PT_B1GQ;Pourcentage du PIB;69,5
2008;AUT;Autriche;XDC;Monnaie nationale;214420,5
2008;AUT;Autriche;PT_B1GQ;Pourcentage du PIB;73,5
2009;AUT;Autriche;XDC;Monnaie nationale;241336,8
2009;AUT;Autriche;PT_B1GQ;Pourcentage du PIB;84,3
2010;AUT;Autriche;XDC;Monnaie nationale;256951,2
2010;AUT;Autriche;PT_B1GQ;Pourcentage du PIB;87,4
2011;AUT;Autriche;XDC;Monnaie nationale;268496,3
2011;AUT;Autriche;PT_B1GQ;Pourcentage du PIB;87,1
2012;AUT;Autriche;XDC;Monnaie nationale;285055
2012;AUT;Autriche;PT_B1GQ;Pourcentage du PIB;90
2013;AUT;Autriche;XDC;Monnaie nationale;289288,4
2013;AUT;Autriche;PT_B1GQ;Pourcentage du PIB;90,1
2014;AUT;Autriche;XDC;Monnaie nationale;305692,8
2014;AUT;Autriche;PT_B1GQ;Pourcentage du PIB;92,6
2015;AUT;Autriche;XDC;Monnaie nationale;318136,3
2015;AUT;Autriche;PT_B1GQ;Pourcentage du PIB;93
2016;AUT;Autriche;PT_B1GQ;Pourcentage du PIB;90,7
2016;AUT;Autriche;XDC;Monnaie nationale;322631,8
2017;AUT;Autriche;XDC;Monnaie nationale;318201
2017;AUT;Autriche;PT_B1GQ;Pourcentage du PIB;86,6
2018;AUT;Autriche;XDC;Monnaie nationale;315370,5
2018;AUT;Autriche;PT_B1GQ;Pourcentage du PIB;82,3
2019;AUT;Autriche;XDC;Monnaie nationale;310955,5
2019;AUT;Autriche;PT_B1GQ;Pourcentage du PIB;78,6
2020;AUT;Autriche;XDC;Monnaie nationale;353168,7
2020;AUT;Autriche;PT_B1GQ;Pourcentage du PIB;92,9
2021;AUT;Autriche;XDC;Monnaie nationale;373878
2021;AUT;Autriche;PT_B1GQ;Pourcentage du PIB;92
2022;AUT;Autriche;XDC;Monnaie nationale;390571,4
2022;AUT;Autriche;PT_B1GQ;Pourcentage du PIB;86,9
2023;AUT;Autriche;PT_B1GQ;Pourcentage du PIB;86,1
2023;AUT;Autriche;XDC;Monnaie nationale;411645,8
2024;AUT;Autriche;PT_B1GQ;Pourcentage du PIB;88,1
2024;AUT;Autriche;XDC;Monnaie nationale;435176,7
2002;BEL;Belgique;XDC;Monnaie nationale;297147
2002;BEL;Belgique;PT_B1GQ;Pourcentage du PIB;108,7
2003;BEL;Belgique;PT_B1GQ;Pourcentage du PIB;107,1
2003;BEL;Belgique;XDC;Monnaie nationale;301133
2004;BEL;Belgique;XDC;Monnaie nationale;302730
2004;BEL;Belgique;PT_B1GQ;Pourcentage du PIB;102
2005;BEL;Belgique;XDC;Monnaie nationale;309644
2005;BEL;Belgique;PT_B1GQ;Pourcentage du PIB;99,9
2006;BEL;Belgique;XDC;Monnaie nationale;312261
2006;BEL;Belgique;PT_B1GQ;Pourcentage du PIB;96
2007;BEL;Belgique;XDC;Monnaie nationale;316154
2007;BEL;Belgique;PT_B1GQ;Pourcentage du PIB;92
2008;BEL;Belgique;XDC;Monnaie nationale;342953
2008;BEL;Belgique;PT_B1GQ;Pourcentage du PIB;97,5
2009;BEL;Belgique;XDC;Monnaie nationale;364364
2009;BEL;Belgique;PT_B1GQ;Pourcentage du PIB;104,8
2010;BEL;Belgique;XDC;Monnaie nationale;380516
2010;BEL;Belgique;PT_B1GQ;Pourcentage du PIB;104,8
2011;BEL;Belgique;XDC;Monnaie nationale;406651
2011;BEL;Belgique;PT_B1GQ;Pourcentage du PIB;107,4
2012;BEL;Belgique;XDC;Monnaie nationale;422672
2012;BEL;Belgique;PT_B1GQ;Pourcentage du PIB;109
2013;BEL;Belgique;XDC;Monnaie nationale;432586
2013;BEL;Belgique;PT_B1GQ;Pourcentage du PIB;109,6
2014;BEL;Belgique;XDC;Monnaie nationale;451613
2014;BEL;Belgique;PT_B1GQ;Pourcentage du PIB;111,5
2015;BEL;Belgique;XDC;Monnaie nationale;459251
2015;BEL;Belgique;PT_B1GQ;Pourcentage du PIB;110,5
2016;BEL;Belgique;XDC;Monnaie nationale;474580
2016;BEL;Belgique;PT_B1GQ;Pourcentage du PIB;110,8
2017;BEL;Belgique;XDC;Monnaie nationale;480533
2017;BEL;Belgique;PT_B1GQ;Pourcentage du PIB;108,4
2018;BEL;Belgique;XDC;Monnaie nationale;486431
2018;BEL;Belgique;PT_B1GQ;Pourcentage du PIB;105,9
2019;BEL;Belgique;XDC;Monnaie nationale;494938
2019;BEL;Belgique;PT_B1GQ;Pourcentage du PIB;103,2
2020;BEL;Belgique;XDC;Monnaie nationale;547943
2020;BEL;Belgique;PT_B1GQ;Pourcentage du PIB;118,2
2021;BEL;Belgique;XDC;Monnaie nationale;583968
2021;BEL;Belgique;PT_B1GQ;Pourcentage du PIB;115,4
2022;BEL;Belgique;XDC;Monnaie nationale;617570
2022;BEL;Belgique;PT_B1GQ;Pourcentage du PIB;110
2023;BEL;Belgique;XDC;Monnaie nationale;651754
2023;BEL;Belgique;PT_B1GQ;Pourcentage du PIB;108,2
2024;BEL;Belgique;XDC;Monnaie nationale;677956
2024;BEL;Belgique;PT_B1GQ;Pourcentage du PIB;109,3
2002;DEU;Allemagne;XDC;Monnaie nationale;1330083,1
2002;DEU;Allemagne;PT_B1GQ;Pourcentage du PIB;59,8
2003;DEU;Allemagne;XDC;Monnaie nationale;1419426
2003;DEU;Allemagne;PT_B1GQ;Pourcentage du PIB;63,3
2004;DEU;Allemagne;XDC;Monnaie nationale;1489670,9
2004;DEU;Allemagne;PT_B1GQ;Pourcentage du PIB;65
2005;DEU;Allemagne;XDC;Monnaie nationale;1561020,5
2005;DEU;Allemagne;PT_B1GQ;Pourcentage du PIB;67,1
2006;DEU;Allemagne;XDC;Monnaie nationale;1610903,7
2006;DEU;Allemagne;PT_B1GQ;Pourcentage du PIB;66,4
2007;DEU;Allemagne;XDC;Monnaie nationale;1619064,6
2007;DEU;Allemagne;PT_B1GQ;Pourcentage du PIB;63,7
2008;DEU;Allemagne;XDC;Monnaie nationale;1687442
2008;DEU;Allemagne;PT_B1GQ;Pourcentage du PIB;65,2
2009;DEU;Allemagne;XDC;Monnaie nationale;1804696
2009;DEU;Allemagne;PT_B1GQ;Pourcentage du PIB;72,4
2010;DEU;Allemagne;XDC;Monnaie nationale;2119241,8
2010;DEU;Allemagne;PT_B1GQ;Pourcentage du PIB;81
2011;DEU;Allemagne;XDC;Monnaie nationale;2155875,7
2011;DEU;Allemagne;PT_B1GQ;Pourcentage du PIB;78,5
2012;DEU;Allemagne;XDC;Monnaie nationale;2234802,5
2012;DEU;Allemagne;PT_B1GQ;Pourcentage du PIB;79,8
2013;DEU;Allemagne;XDC;Monnaie nationale;2220281
2013;DEU;Allemagne;PT_B1GQ;Pourcentage du PIB;77,5
2014;DEU;Allemagne;XDC;Monnaie nationale;2224559,5
2014;DEU;Allemagne;PT_B1GQ;Pourcentage du PIB;74,5
2015;DEU;Allemagne;XDC;Monnaie nationale;2197473,8
2015;DEU;Allemagne;PT_B1GQ;Pourcentage du PIB;71,2
2016;DEU;Allemagne;XDC;Monnaie nationale;2182375
2016;DEU;Allemagne;PT_B1GQ;Pourcentage du PIB;68,3
2017;DEU;Allemagne;XDC;Monnaie nationale;2132783,9
2017;DEU;Allemagne;PT_B1GQ;Pourcentage du PIB;64
2018;DEU;Allemagne;XDC;Monnaie nationale;2086432
2018;DEU;Allemagne;PT_B1GQ;Pourcentage du PIB;60,8
2019;DEU;Allemagne;XDC;Monnaie nationale;2075824,3
2019;DEU;Allemagne;PT_B1GQ;Pourcentage du PIB;58,7
2020;DEU;Allemagne;XDC;Monnaie nationale;2347936,5
2020;DEU;Allemagne;PT_B1GQ;Pourcentage du PIB;68
2021;DEU;Allemagne;XDC;Monnaie nationale;2501718,7
2021;DEU;Allemagne;PT_B1GQ;Pourcentage du PIB;67,9
2022;DEU;Allemagne;PT_B1GQ;Pourcentage du PIB;64,4
2022;DEU;Allemagne;XDC;Monnaie nationale;2569045,8
2023;DEU;Allemagne;PT_B1GQ;Pourcentage du PIB;62,3
2023;DEU;Allemagne;XDC;Monnaie nationale;2630569,7
2024;DEU;Allemagne;PT_B1GQ;Pourcentage du PIB;62,2
2024;DEU;Allemagne;XDC;Monnaie nationale;2693780,2
2002;ESP;Espagne;XDC;Monnaie nationale;417298,2
2002;ESP;Espagne;PT_B1GQ;Pourcentage du PIB;55,7
2003;ESP;Espagne;XDC;Monnaie nationale;415660,5
2003;ESP;Espagne;PT_B1GQ;Pourcentage du PIB;51,8
2004;ESP;Espagne;PT_B1GQ;Pourcentage du PIB;49,3
2004;ESP;Espagne;XDC;Monnaie nationale;424391,9
2005;ESP;Espagne;PT_B1GQ;Pourcentage du PIB;46,8
2005;ESP;Espagne;XDC;Monnaie nationale;434474,4
2006;ESP;Espagne;PT_B1GQ;Pourcentage du PIB;44,1
2006;ESP;Espagne;XDC;Monnaie nationale;443273,5
2007;ESP;Espagne;PT_B1GQ;Pourcentage du PIB;41,3
2007;ESP;Espagne;XDC;Monnaie nationale;445389
2008;ESP;Espagne;PT_B1GQ;Pourcentage du PIB;45,5
2008;ESP;Espagne;XDC;Monnaie nationale;506355,1
2009;ESP;Espagne;PT_B1GQ;Pourcentage du PIB;60
2009;ESP;Espagne;XDC;Monnaie nationale;643756,8
2010;ESP;Espagne;PT_B1GQ;Pourcentage du PIB;67,7
2010;ESP;Espagne;XDC;Monnaie nationale;729680,3
2011;ESP;Espagne;PT_B1GQ;Pourcentage du PIB;78,1
2011;ESP;Espagne;XDC;Monnaie nationale;834356,7
2012;ESP;Espagne;PT_B1GQ;Pourcentage du PIB;96,2
2012;ESP;Espagne;XDC;Monnaie nationale;996556,7
2013;ESP;Espagne;XDC;Monnaie nationale;1090118,2
2013;ESP;Espagne;PT_B1GQ;Pourcentage du PIB;106,3
2014;ESP;Espagne;XDC;Monnaie nationale;1150411,3
2014;ESP;Espagne;PT_B1GQ;Pourcentage du PIB;110,7
2015;ESP;Espagne;XDC;Monnaie nationale;1178341,9
2015;ESP;Espagne;PT_B1GQ;Pourcentage du PIB;108,4
2016;ESP;Espagne;XDC;Monnaie nationale;1205549,7
2016;ESP;Espagne;PT_B1GQ;Pourcentage du PIB;107,4
2017;ESP;Espagne;XDC;Monnaie nationale;1249942,3
2017;ESP;Espagne;PT_B1GQ;Pourcentage du PIB;106,8
2018;ESP;Espagne;XDC;Monnaie nationale;1285546,9
2018;ESP;Espagne;PT_B1GQ;Pourcentage du PIB;106
2019;ESP;Espagne;XDC;Monnaie nationale;1305108,4
2019;ESP;Espagne;PT_B1GQ;Pourcentage du PIB;104,1
2020;ESP;Espagne;XDC;Monnaie nationale;1428631,9
2020;ESP;Espagne;PT_B1GQ;Pourcentage du PIB;126,5
2021;ESP;Espagne;XDC;Monnaie nationale;1546722,8
2021;ESP;Espagne;PT_B1GQ;Pourcentage du PIB;125,2
2022;ESP;Espagne;XDC;Monnaie nationale;1634208
2022;ESP;Espagne;PT_B1GQ;Pourcentage du PIB;118,8
2023;ESP;Espagne;PT_B1GQ;Pourcentage du PIB;114
2023;ESP;Espagne;XDC;Monnaie nationale;1707537,3
2024;ESP;Espagne;PT_B1GQ;Pourcentage du PIB;111,1
2024;ESP;Espagne;XDC;Monnaie nationale;1772005,6
2002;EST;Estonie;PT_B1GQ;Pourcentage du PIB;7,4
2002;EST;Estonie;XDC;Monnaie nationale;581,6
2003;EST;Estonie;PT_B1GQ;Pourcentage du PIB;8,2
2003;EST;Estonie;XDC;Monnaie nationale;720,7
2004;EST;Estonie;XDC;Monnaie nationale;811,2
2004;EST;Estonie;PT_B1GQ;Pourcentage du PIB;8,3
2005;EST;Estonie;XDC;Monnaie nationale;931,2
2005;EST;Estonie;PT_B1GQ;Pourcentage du PIB;8,2
2006;EST;Estonie;XDC;Monnaie nationale;1103,7
2006;EST;Estonie;PT_B1GQ;Pourcentage du PIB;8,1
2007;EST;Estonie;XDC;Monnaie nationale;1194,6
2007;EST;Estonie;PT_B1GQ;Pourcentage du PIB;7,3
2008;EST;Estonie;XDC;Monnaie nationale;1422,8
2008;EST;Estonie;PT_B1GQ;Pourcentage du PIB;8,6
2009;EST;Estonie;XDC;Monnaie nationale;1896,6
2009;EST;Estonie;PT_B1GQ;Pourcentage du PIB;13,4
2010;EST;Estonie;XDC;Monnaie nationale;1941,1
2010;EST;Estonie;PT_B1GQ;Pourcentage du PIB;13,2
2011;EST;Estonie;XDC;Monnaie nationale;1816,4
2011;EST;Estonie;PT_B1GQ;Pourcentage du PIB;10,8
2012;EST;Estonie;XDC;Monnaie nationale;2596
2012;EST;Estonie;PT_B1GQ;Pourcentage du PIB;14,4
2013;EST;Estonie;XDC;Monnaie nationale;2820,6
2013;EST;Estonie;PT_B1GQ;Pourcentage du PIB;14,7
2014;EST;Estonie;XDC;Monnaie nationale;2989
2014;EST;Estonie;PT_B1GQ;Pourcentage du PIB;14,7
2015;EST;Estonie;XDC;Monnaie nationale;2809,5
2015;EST;Estonie;PT_B1GQ;Pourcentage du PIB;13,4
2016;EST;Estonie;XDC;Monnaie nationale;3056,5
2016;EST;Estonie;PT_B1GQ;Pourcentage du PIB;13,8
2017;EST;Estonie;XDC;Monnaie nationale;3223,9
2017;EST;Estonie;PT_B1GQ;Pourcentage du PIB;13,3
2018;EST;Estonie;XDC;Monnaie nationale;3445,4
2018;EST;Estonie;PT_B1GQ;Pourcentage du PIB;13
2019;EST;Estonie;XDC;Monnaie nationale;3931
2019;EST;Estonie;PT_B1GQ;Pourcentage du PIB;13,8
2020;EST;Estonie;XDC;Monnaie nationale;6963,1
2020;EST;Estonie;PT_B1GQ;Pourcentage du PIB;25
2021;EST;Estonie;XDC;Monnaie nationale;7888,5
2021;EST;Estonie;PT_B1GQ;Pourcentage du PIB;25,1
2022;EST;Estonie;XDC;Monnaie nationale;9826,9
2022;EST;Estonie;PT_B1GQ;Pourcentage du PIB;27,1
2023;EST;Estonie;XDC;Monnaie nationale;11186,6
2023;EST;Estonie;PT_B1GQ;Pourcentage du PIB;29,2
2024;EST;Estonie;XDC;Monnaie nationale;13146,9
2024;EST;Estonie;PT_B1GQ;Pourcentage du PIB;33
2002;FIN;Finlande;PT_B1GQ;Pourcentage du PIB;47,2
2002;FIN;Finlande;XDC;Monnaie nationale;70121
2003;FIN;Finlande;PT_B1GQ;Pourcentage du PIB;49,6
2003;FIN;Finlande;XDC;Monnaie nationale;75318
2004;FIN;Finlande;PT_B1GQ;Pourcentage du PIB;49,4
2004;FIN;Finlande;XDC;Monnaie nationale;78438
2005;FIN;Finlande;PT_B1GQ;Pourcentage du PIB;46,5
2005;FIN;Finlande;XDC;Monnaie nationale;76489
2006;FIN;Finlande;PT_B1GQ;Pourcentage du PIB;44,4
2006;FIN;Finlande;XDC;Monnaie nationale;76695
2007;FIN;Finlande;PT_B1GQ;Pourcentage du PIB;40,6
2007;FIN;Finlande;XDC;Monnaie nationale;75854
2008;FIN;Finlande;PT_B1GQ;Pourcentage du PIB;39
2008;FIN;Finlande;XDC;Monnaie nationale;75739
2009;FIN;Finlande;XDC;Monnaie nationale;90751
2009;FIN;Finlande;PT_B1GQ;Pourcentage du PIB;49,9
2010;FIN;Finlande;XDC;Monnaie nationale;104807
2010;FIN;Finlande;PT_B1GQ;Pourcentage du PIB;55,7
2011;FIN;Finlande;PT_B1GQ;Pourcentage du PIB;57,4
2011;FIN;Finlande;XDC;Monnaie nationale;113411
2012;FIN;Finlande;PT_B1GQ;Pourcentage du PIB;63,5
2012;FIN;Finlande;XDC;Monnaie nationale;127183
2013;FIN;Finlande;XDC;Monnaie nationale;135303
2013;FIN;Finlande;PT_B1GQ;Pourcentage du PIB;66,5
2014;FIN;Finlande;XDC;Monnaie nationale;144601
2014;FIN;Finlande;PT_B1GQ;Pourcentage du PIB;70,2
2015;FIN;Finlande;XDC;Monnaie nationale;157717
2015;FIN;Finlande;PT_B1GQ;Pourcentage du PIB;75
2016;FIN;Finlande;XDC;Monnaie nationale;162720
2016;FIN;Finlande;PT_B1GQ;Pourcentage du PIB;75,4
2017;FIN;Finlande;XDC;Monnaie nationale;168072
2017;FIN;Finlande;PT_B1GQ;Pourcentage du PIB;74,8
2018;FIN;Finlande;XDC;Monnaie nationale;167583
2018;FIN;Finlande;PT_B1GQ;Pourcentage du PIB;72,3
2019;FIN;Finlande;XDC;Monnaie nationale;170514
2019;FIN;Finlande;PT_B1GQ;Pourcentage du PIB;71,5
2020;FIN;Finlande;XDC;Monnaie nationale;193612
2020;FIN;Finlande;PT_B1GQ;Pourcentage du PIB;81,9
2021;FIN;Finlande;XDC;Monnaie nationale;196088
2021;FIN;Finlande;PT_B1GQ;Pourcentage du PIB;78,8
2022;FIN;Finlande;XDC;Monnaie nationale;215829
2022;FIN;Finlande;PT_B1GQ;Pourcentage du PIB;81,1
2023;FIN;Finlande;XDC;Monnaie nationale;231835
2023;FIN;Finlande;PT_B1GQ;Pourcentage du PIB;84,9
2024;FIN;Finlande;XDC;Monnaie nationale;247775
2024;FIN;Finlande;PT_B1GQ;Pourcentage du PIB;89,8
2002;FRA;France;XDC;Monnaie nationale;1134336,5
2002;FRA;France;PT_B1GQ;Pourcentage du PIB;71,9
2003;FRA;France;PT_B1GQ;Pourcentage du PIB;76,1
2003;FRA;France;XDC;Monnaie nationale;1235090,4
2004;FRA;France;PT_B1GQ;Pourcentage du PIB;76,4
2004;FRA;France;XDC;Monnaie nationale;1296306,9
2005;FRA;France;PT_B1GQ;Pourcentage du PIB;77,7
2005;FRA;France;XDC;Monnaie nationale;1368998,7
2006;FRA;France;PT_B1GQ;Pourcentage du PIB;75,3
2006;FRA;France;XDC;Monnaie nationale;1390103,7
2007;FRA;France;PT_B1GQ;Pourcentage du PIB;75,7
2007;FRA;France;XDC;Monnaie nationale;1467577,7
2008;FRA;France;PT_B1GQ;Pourcentage du PIB;79,5
2008;FRA;France;XDC;Monnaie nationale;1582166,6
2009;FRA;France;XDC;Monnaie nationale;1810904,2
2009;FRA;France;PT_B1GQ;Pourcentage du PIB;93,5
2010;FRA;France;PT_B1GQ;Pourcentage du PIB;95,9
2010;FRA;France;XDC;Monnaie nationale;1914557,2
2011;FRA;France;PT_B1GQ;Pourcentage du PIB;97,9
2011;FRA;France;XDC;Monnaie nationale;2019157,3
2012;FRA;France;XDC;Monnaie nationale;2114247,2
2012;FRA;France;PT_B1GQ;Pourcentage du PIB;101,2
2013;FRA;France;PT_B1GQ;Pourcentage du PIB;105,4
2013;FRA;France;XDC;Monnaie nationale;2235260,2
2014;FRA;France;PT_B1GQ;Pourcentage du PIB;107,7
2014;FRA;France;XDC;Monnaie nationale;2319195,5
2015;FRA;France;PT_B1GQ;Pourcentage du PIB;109
2015;FRA;France;XDC;Monnaie nationale;2399125
2016;FRA;France;PT_B1GQ;Pourcentage du PIB;110,6
2016;FRA;France;XDC;Monnaie nationale;2469360,6
2017;FRA;France;PT_B1GQ;Pourcentage du PIB;112,4
2017;FRA;France;XDC;Monnaie nationale;2575697,8
2018;FRA;France;XDC;Monnaie nationale;2624925,1
2018;FRA;France;PT_B1GQ;Pourcentage du PIB;111,4
2019;FRA;France;XDC;Monnaie nationale;2646413
2019;FRA;France;PT_B1GQ;Pourcentage du PIB;108,8
2020;FRA;France;XDC;Monnaie nationale;2939837
2020;FRA;France;PT_B1GQ;Pourcentage du PIB;126,8
2021;FRA;France;XDC;Monnaie nationale;3102938,3
2021;FRA;France;PT_B1GQ;Pourcentage du PIB;123,7
2022;FRA;France;XDC;Monnaie nationale;3233965,1
2022;FRA;France;PT_B1GQ;Pourcentage du PIB;121,9
2023;FRA;France;XDC;Monnaie nationale;3388427,8
2023;FRA;France;PT_B1GQ;Pourcentage du PIB;119,9
2024;FRA;France;XDC;Monnaie nationale;3579977,6
2024;FRA;France;PT_B1GQ;Pourcentage du PIB;122,6
2002;GRC;Grece;PT_B1GQ;Pourcentage du PIB;114,8
2002;GRC;Grece;XDC;Monnaie nationale;182371
2003;GRC;Grece;PT_B1GQ;Pourcentage du PIB;111,3
2003;GRC;Grece;XDC;Monnaie nationale;193784
2004;GRC;Grece;PT_B1GQ;Pourcentage du PIB;112,8
2004;GRC;Grece;XDC;Monnaie nationale;213106
2005;GRC;Grece;PT_B1GQ;Pourcentage du PIB;116,4
2005;GRC;Grece;XDC;Monnaie nationale;226674
2006;GRC;Grece;PT_B1GQ;Pourcentage du PIB;112,1
2006;GRC;Grece;XDC;Monnaie nationale;240249,4
2007;GRC;Grece;PT_B1GQ;Pourcentage du PIB;112
2007;GRC;Grece;XDC;Monnaie nationale;256887,7
2008;GRC;Grece;PT_B1GQ;Pourcentage du PIB;120,5
2008;GRC;Grece;XDC;Monnaie nationale;287710,7
2009;GRC;Grece;PT_B1GQ;Pourcentage du PIB;139,5
2009;GRC;Grece;XDC;Monnaie nationale;326886,7
2010;GRC;Grece;PT_B1GQ;Pourcentage du PIB;159,3
2010;GRC;Grece;XDC;Monnaie nationale;356227,7
2011;GRC;Grece;PT_B1GQ;Pourcentage du PIB;186,3
2011;GRC;Grece;XDC;Monnaie nationale;379040,7
2012;GRC;Grece;PT_B1GQ;Pourcentage du PIB;177,7
2012;GRC;Grece;XDC;Monnaie nationale;330306,7
2013;GRC;Grece;XDC;Monnaie nationale;340820,7
2013;GRC;Grece;PT_B1GQ;Pourcentage du PIB;191,3
2014;GRC;Grece;XDC;Monnaie nationale;338931,9
2014;GRC;Grece;PT_B1GQ;Pourcentage du PIB;192,5
2015;GRC;Grece;XDC;Monnaie nationale;337199,4
2015;GRC;Grece;PT_B1GQ;Pourcentage du PIB;192,3
2016;GRC;Grece;XDC;Monnaie nationale;340971,4
2016;GRC;Grece;PT_B1GQ;Pourcentage du PIB;195,5
2017;GRC;Grece;XDC;Monnaie nationale;342888,2
2017;GRC;Grece;PT_B1GQ;Pourcentage du PIB;193,3
2018;GRC;Grece;XDC;Monnaie nationale;360045,2
2018;GRC;Grece;PT_B1GQ;Pourcentage du PIB;199,3
2019;GRC;Grece;PT_B1GQ;Pourcentage du PIB;194,1
2019;GRC;Grece;XDC;Monnaie nationale;359375,2
2020;GRC;Grece;PT_B1GQ;Pourcentage du PIB;223,6
2020;GRC;Grece;XDC;Monnaie nationale;374626,4
2021;GRC;Grece;XDC;Monnaie nationale;393931,2
2021;GRC;Grece;PT_B1GQ;Pourcentage du PIB;213,4
2022;GRC;Grece;XDC;Monnaie nationale;400924,2
2022;GRC;Grece;PT_B1GQ;Pourcentage du PIB;193,7
2023;GRC;Grece;XDC;Monnaie nationale;402569,2
2023;GRC;Grece;PT_B1GQ;Pourcentage du PIB;179,2
2024;GRC;Grece;XDC;Monnaie nationale;399098,2
2024;GRC;Grece;PT_B1GQ;Pourcentage du PIB;168,6
2002;IRL;Irlande;PT_B1GQ;Pourcentage du PIB;33,1
2002;IRL;Irlande;XDC;Monnaie nationale;45017,9
2003;IRL;Irlande;PT_B1GQ;Pourcentage du PIB;31,9
2003;IRL;Irlande;XDC;Monnaie nationale;46423,9
2004;IRL;Irlande;PT_B1GQ;Pourcentage du PIB;30,3
2004;IRL;Irlande;XDC;Monnaie nationale;47286
2005;IRL;Irlande;XDC;Monnaie nationale;50044,6
2005;IRL;Irlande;PT_B1GQ;Pourcentage du PIB;29,4
2006;IRL;Irlande;XDC;Monnaie nationale;49421,9
2006;IRL;Irlande;PT_B1GQ;Pourcentage du PIB;26,7
2007;IRL;Irlande;XDC;Monnaie nationale;53208,1
2007;IRL;Irlande;PT_B1GQ;Pourcentage du PIB;27
2008;IRL;Irlande;XDC;Monnaie nationale;85963,9
2008;IRL;Irlande;PT_B1GQ;Pourcentage du PIB;45,9
2009;IRL;Irlande;XDC;Monnaie nationale;111241,6
2009;IRL;Irlande;PT_B1GQ;Pourcentage du PIB;65,6
2010;IRL;Irlande;XDC;Monnaie nationale;151887
2010;IRL;Irlande;PT_B1GQ;Pourcentage du PIB;90,8
2011;IRL;Irlande;XDC;Monnaie nationale;197875
2011;IRL;Irlande;PT_B1GQ;Pourcentage du PIB;114,3
2012;IRL;Irlande;XDC;Monnaie nationale;218266,6
2012;IRL;Irlande;PT_B1GQ;Pourcentage du PIB;123,6
2013;IRL;Irlande;XDC;Monnaie nationale;223526,3
2013;IRL;Irlande;PT_B1GQ;Pourcentage du PIB;122,2
2014;IRL;Irlande;XDC;Monnaie nationale;212397,7
2014;IRL;Irlande;PT_B1GQ;Pourcentage du PIB;105,9
2015;IRL;Irlande;XDC;Monnaie nationale;211194,8
2015;IRL;Irlande;PT_B1GQ;Pourcentage du PIB;77,6
2016;IRL;Irlande;XDC;Monnaie nationale;209752,5
2016;IRL;Irlande;PT_B1GQ;Pourcentage du PIB;76
2017;IRL;Irlande;XDC;Monnaie nationale;210526,4
2017;IRL;Irlande;PT_B1GQ;Pourcentage du PIB;68,3
2018;IRL;Irlande;XDC;Monnaie nationale;229845
2018;IRL;Irlande;PT_B1GQ;Pourcentage du PIB;68,6
2019;IRL;Irlande;XDC;Monnaie nationale;227197,5
2019;IRL;Irlande;PT_B1GQ;Pourcentage du PIB;62,5
2020;IRL;Irlande;XDC;Monnaie nationale;243591,8
2020;IRL;Irlande;PT_B1GQ;Pourcentage du PIB;63,8
2021;IRL;Irlande;XDC;Monnaie nationale;263734,8
2021;IRL;Irlande;PT_B1GQ;Pourcentage du PIB;58,8
2022;IRL;Irlande;XDC;Monnaie nationale;252383,1
2022;IRL;Irlande;PT_B1GQ;Pourcentage du PIB;48,5
2023;IRL;Irlande;XDC;Monnaie nationale;247218,5
2023;IRL;Irlande;PT_B1GQ;Pourcentage du PIB;47,1
2024;IRL;Irlande;XDC;Monnaie nationale;229934,1
2024;IRL;Irlande;PT_B1GQ;Pourcentage du PIB;40,9
2002;ITA;Italie;PT_B1GQ;Pourcentage du PIB;105,9
2002;ITA;Italie;XDC;Monnaie nationale;1436141,8
2003;ITA;Italie;PT_B1GQ;Pourcentage du PIB;105,1
2003;ITA;Italie;XDC;Monnaie nationale;1470943,9
2004;ITA;Italie;XDC;Monnaie nationale;1526465,2
2004;ITA;Italie;PT_B1GQ;Pourcentage du PIB;104,7
2005;ITA;Italie;XDC;Monnaie nationale;1591667,3
2005;ITA;Italie;PT_B1GQ;Pourcentage du PIB;106,2
2006;ITA;Italie;XDC;Monnaie nationale;1657471,8
2006;ITA;Italie;PT_B1GQ;Pourcentage du PIB;106,3
2007;ITA;Italie;XDC;Monnaie nationale;1677889,9
2007;ITA;Italie;PT_B1GQ;Pourcentage du PIB;103,5
2008;ITA;Italie;XDC;Monnaie nationale;1739102
2008;ITA;Italie;PT_B1GQ;Pourcentage du PIB;105,8
2009;ITA;Italie;XDC;Monnaie nationale;1839798,9
2009;ITA;Italie;PT_B1GQ;Pourcentage du PIB;116,1
2010;ITA;Italie;XDC;Monnaie nationale;1921432,6
2010;ITA;Italie;PT_B1GQ;Pourcentage du PIB;118,8
2011;ITA;Italie;XDC;Monnaie nationale;1974396,8
2011;ITA;Italie;PT_B1GQ;Pourcentage du PIB;119,1
2012;ITA;Italie;XDC;Monnaie nationale;2055829,2
2012;ITA;Italie;PT_B1GQ;Pourcentage du PIB;125,9
2013;ITA;Italie;XDC;Monnaie nationale;2137694,5
2013;ITA;Italie;PT_B1GQ;Pourcentage du PIB;131,9
2014;ITA;Italie;XDC;Monnaie nationale;2205103,8
2014;ITA;Italie;PT_B1GQ;Pourcentage du PIB;134,8
2015;ITA;Italie;XDC;Monnaie nationale;2241929,5
2015;ITA;Italie;PT_B1GQ;Pourcentage du PIB;134,8
2016;ITA;Italie;XDC;Monnaie nationale;2288621,3
2016;ITA;Italie;PT_B1GQ;Pourcentage du PIB;134,2
2017;ITA;Italie;XDC;Monnaie nationale;2333127
2017;ITA;Italie;PT_B1GQ;Pourcentage du PIB;133,7
2018;ITA;Italie;PT_B1GQ;Pourcentage du PIB;134,2
2018;ITA;Italie;XDC;Monnaie nationale;2385727
2019;ITA;Italie;PT_B1GQ;Pourcentage du PIB;133,9
2019;ITA;Italie;XDC;Monnaie nationale;2415636,4
2020;ITA;Italie;PT_B1GQ;Pourcentage du PIB;154,4
2020;ITA;Italie;XDC;Monnaie nationale;2578164,3
2021;ITA;Italie;PT_B1GQ;Pourcentage du PIB;145,8
2021;ITA;Italie;XDC;Monnaie nationale;2686729,2
2022;ITA;Italie;XDC;Monnaie nationale;2764452,9
2022;ITA;Italie;PT_B1GQ;Pourcentage du PIB;138,4
2023;ITA;Italie;XDC;Monnaie nationale;2869937,8
2023;ITA;Italie;PT_B1GQ;Pourcentage du PIB;133,9
2024;ITA;Italie;XDC;Monnaie nationale;2966915,3
2024;ITA;Italie;PT_B1GQ;Pourcentage du PIB;134,7
2002;LUX;Luxembourg;XDC;Monnaie nationale;4544
2002;LUX;Luxembourg;PT_B1GQ;Pourcentage du PIB;18,2
2003;LUX;Luxembourg;XDC;Monnaie nationale;5101,4
2003;LUX;Luxembourg;PT_B1GQ;Pourcentage du PIB;19,5
2004;LUX;Luxembourg;XDC;Monnaie nationale;5680,8
2004;LUX;Luxembourg;PT_B1GQ;Pourcentage du PIB;20,2
2005;LUX;Luxembourg;XDC;Monnaie nationale;5696,4
2005;LUX;Luxembourg;PT_B1GQ;Pourcentage du PIB;18,8
2006;LUX;Luxembourg;XDC;Monnaie nationale;6027
2006;LUX;Luxembourg;PT_B1GQ;Pourcentage du PIB;17,6
2007;LUX;Luxembourg;XDC;Monnaie nationale;6476,4
2007;LUX;Luxembourg;PT_B1GQ;Pourcentage du PIB;17,2
2008;LUX;Luxembourg;XDC;Monnaie nationale;9830,2
2008;LUX;Luxembourg;PT_B1GQ;Pourcentage du PIB;24,6
2009;LUX;Luxembourg;XDC;Monnaie nationale;8691,1
2009;LUX;Luxembourg;PT_B1GQ;Pourcentage du PIB;22,3
2010;LUX;Luxembourg;XDC;Monnaie nationale;11505,7
2010;LUX;Luxembourg;PT_B1GQ;Pourcentage du PIB;27,1
2011;LUX;Luxembourg;XDC;Monnaie nationale;11574,4
2011;LUX;Luxembourg;PT_B1GQ;Pourcentage du PIB;26,1
2012;LUX;Luxembourg;XDC;Monnaie nationale;12387,2
2012;LUX;Luxembourg;PT_B1GQ;Pourcentage du PIB;26,6
2013;LUX;Luxembourg;XDC;Monnaie nationale;13627,2
2013;LUX;Luxembourg;PT_B1GQ;Pourcentage du PIB;27,8
2014;LUX;Luxembourg;XDC;Monnaie nationale;14142,8
2014;LUX;Luxembourg;PT_B1GQ;Pourcentage du PIB;27,3
2015;LUX;Luxembourg;XDC;Monnaie nationale;14869,5
2015;LUX;Luxembourg;PT_B1GQ;Pourcentage du PIB;27,5
2016;LUX;Luxembourg;XDC;Monnaie nationale;14225,3
2016;LUX;Luxembourg;PT_B1GQ;Pourcentage du PIB;25,3
2017;LUX;Luxembourg;XDC;Monnaie nationale;15944,1
2017;LUX;Luxembourg;PT_B1GQ;Pourcentage du PIB;27,4
2018;LUX;Luxembourg;XDC;Monnaie nationale;16900,9
2018;LUX;Luxembourg;PT_B1GQ;Pourcentage du PIB;28,1
2019;LUX;Luxembourg;XDC;Monnaie nationale;18573,9
2019;LUX;Luxembourg;PT_B1GQ;Pourcentage du PIB;29,8
2020;LUX;Luxembourg;PT_B1GQ;Pourcentage du PIB;31,8
2020;LUX;Luxembourg;XDC;Monnaie nationale;20485,3
2021;LUX;Luxembourg;PT_B1GQ;Pourcentage du PIB;30,7
2021;LUX;Luxembourg;XDC;Monnaie nationale;22388,9
2022;LUX;Luxembourg;PT_B1GQ;Pourcentage du PIB;32,2
2022;LUX;Luxembourg;XDC;Monnaie nationale;24726,9
2023;LUX;Luxembourg;PT_B1GQ;Pourcentage du PIB;31,8
2023;LUX;Luxembourg;XDC;Monnaie nationale;26140,9
2024;LUX;Luxembourg;PT_B1GQ;Pourcentage du PIB;33
2024;LUX;Luxembourg;XDC;Monnaie nationale;28425,9
2002;LVA;Lettonie;PT_B1GQ;Pourcentage du PIB;16,5
2002;LVA;Lettonie;XDC;Monnaie nationale;1339,5
2003;LVA;Lettonie;PT_B1GQ;Pourcentage du PIB;18,3
2003;LVA;Lettonie;XDC;Monnaie nationale;1671,3
2004;LVA;Lettonie;XDC;Monnaie nationale;2017,8
2004;LVA;Lettonie;PT_B1GQ;Pourcentage du PIB;19
2005;LVA;Lettonie;PT_B1GQ;Pourcentage du PIB;15,7
2005;LVA;Lettonie;XDC;Monnaie nationale;2050,9
2006;LVA;Lettonie;PT_B1GQ;Pourcentage du PIB;15,8
2006;LVA;Lettonie;XDC;Monnaie nationale;2580,3
2007;LVA;Lettonie;XDC;Monnaie nationale;3011,8
2007;LVA;Lettonie;PT_B1GQ;Pourcentage du PIB;14
2008;LVA;Lettonie;XDC;Monnaie nationale;5798,9
2008;LVA;Lettonie;PT_B1GQ;Pourcentage du PIB;24,8
2009;LVA;Lettonie;XDC;Monnaie nationale;8008,7
2009;LVA;Lettonie;PT_B1GQ;Pourcentage du PIB;43,3
2010;LVA;Lettonie;XDC;Monnaie nationale;9679,5
2010;LVA;Lettonie;PT_B1GQ;Pourcentage du PIB;54,6
2011;LVA;Lettonie;XDC;Monnaie nationale;10119,3
2011;LVA;Lettonie;PT_B1GQ;Pourcentage du PIB;52,9
2012;LVA;Lettonie;XDC;Monnaie nationale;10382,2
2012;LVA;Lettonie;PT_B1GQ;Pourcentage du PIB;49,2
2013;LVA;Lettonie;XDC;Monnaie nationale;10246,2
2013;LVA;Lettonie;PT_B1GQ;Pourcentage du PIB;46,7
2014;LVA;Lettonie;XDC;Monnaie nationale;11564,4
2014;LVA;Lettonie;PT_B1GQ;Pourcentage du PIB;50,7
2015;LVA;Lettonie;XDC;Monnaie nationale;10839,1
2015;LVA;Lettonie;PT_B1GQ;Pourcentage du PIB;45,6
2016;LVA;Lettonie;XDC;Monnaie nationale;12213,6
2016;LVA;Lettonie;PT_B1GQ;Pourcentage du PIB;49,9
2017;LVA;Lettonie;XDC;Monnaie nationale;12353,1
2017;LVA;Lettonie;PT_B1GQ;Pourcentage du PIB;47,5
2018;LVA;Lettonie;XDC;Monnaie nationale;13295,8
2018;LVA;Lettonie;PT_B1GQ;Pourcentage du PIB;47,2
2019;LVA;Lettonie;XDC;Monnaie nationale;13618,9
2019;LVA;Lettonie;PT_B1GQ;Pourcentage du PIB;46,1
2020;LVA;Lettonie;XDC;Monnaie nationale;15527,6
2020;LVA;Lettonie;PT_B1GQ;Pourcentage du PIB;53,1
2021;LVA;Lettonie;XDC;Monnaie nationale;18699,4
2021;LVA;Lettonie;PT_B1GQ;Pourcentage du PIB;57,9
2022;LVA;Lettonie;XDC;Monnaie nationale;20528,9
2022;LVA;Lettonie;PT_B1GQ;Pourcentage du PIB;56,9
2023;LVA;Lettonie;XDC;Monnaie nationale;22083,6
2023;LVA;Lettonie;PT_B1GQ;Pourcentage du PIB;55,8
2024;LVA;Lettonie;XDC;Monnaie nationale;23731,3
2024;LVA;Lettonie;PT_B1GQ;Pourcentage du PIB;58,4
2002;NLD;Pays-Bas;XDC;Monnaie nationale;275962
2002;NLD;Pays-Bas;PT_B1GQ;Pourcentage du PIB;54,9
2003;NLD;Pays-Bas;XDC;Monnaie nationale;291437
2003;NLD;Pays-Bas;PT_B1GQ;Pourcentage du PIB;56,6
2004;NLD;Pays-Bas;XDC;Monnaie nationale;300022
2004;NLD;Pays-Bas;PT_B1GQ;Pourcentage du PIB;56,4
2005;NLD;Pays-Bas;PT_B1GQ;Pourcentage du PIB;55,7
2005;NLD;Pays-Bas;XDC;Monnaie nationale;308101
2006;NLD;Pays-Bas;PT_B1GQ;Pourcentage du PIB;51,2
2006;NLD;Pays-Bas;XDC;Monnaie nationale;300796
2007;NLD;Pays-Bas;PT_B1GQ;Pourcentage du PIB;49,4
2007;NLD;Pays-Bas;XDC;Monnaie nationale;307562
2008;NLD;Pays-Bas;PT_B1GQ;Pourcentage du PIB;59,9
2008;NLD;Pays-Bas;XDC;Monnaie nationale;390434
2009;NLD;Pays-Bas;XDC;Monnaie nationale;391195
2009;NLD;Pays-Bas;PT_B1GQ;Pourcentage du PIB;62,1
2010;NLD;Pays-Bas;PT_B1GQ;Pourcentage du PIB;65,3
2010;NLD;Pays-Bas;XDC;Monnaie nationale;420174
2011;NLD;Pays-Bas;PT_B1GQ;Pourcentage du PIB;67,5
2011;NLD;Pays-Bas;XDC;Monnaie nationale;442516
2012;NLD;Pays-Bas;PT_B1GQ;Pourcentage du PIB;71,9
2012;NLD;Pays-Bas;XDC;Monnaie nationale;473238
2013;NLD;Pays-Bas;PT_B1GQ;Pourcentage du PIB;73,9
2013;NLD;Pays-Bas;XDC;Monnaie nationale;491949
2014;NLD;Pays-Bas;PT_B1GQ;Pourcentage du PIB;74
2014;NLD;Pays-Bas;XDC;Monnaie nationale;501909
2015;NLD;Pays-Bas;PT_B1GQ;Pourcentage du PIB;70,9
2015;NLD;Pays-Bas;XDC;Monnaie nationale;495803
2016;NLD;Pays-Bas;PT_B1GQ;Pourcentage du PIB;67,6
2016;NLD;Pays-Bas;XDC;Monnaie nationale;487040
2017;NLD;Pays-Bas;PT_B1GQ;Pourcentage du PIB;62,7
2017;NLD;Pays-Bas;XDC;Monnaie nationale;471014
2018;NLD;Pays-Bas;PT_B1GQ;Pourcentage du PIB;58,3
2018;NLD;Pays-Bas;XDC;Monnaie nationale;459160
2019;NLD;Pays-Bas;PT_B1GQ;Pourcentage du PIB;53,8
2019;NLD;Pays-Bas;XDC;Monnaie nationale;446357
2020;NLD;Pays-Bas;PT_B1GQ;Pourcentage du PIB;60,5
2020;NLD;Pays-Bas;XDC;Monnaie nationale;493671
2021;NLD;Pays-Bas;PT_B1GQ;Pourcentage du PIB;57,8
2021;NLD;Pays-Bas;XDC;Monnaie nationale;515083
2022;NLD;Pays-Bas;XDC;Monnaie nationale;547702
2022;NLD;Pays-Bas;PT_B1GQ;Pourcentage du PIB;55,1
2023;NLD;Pays-Bas;PT_B1GQ;Pourcentage du PIB;52,1
2023;NLD;Pays-Bas;XDC;Monnaie nationale;547178
2024;NLD;Pays-Bas;XDC;Monnaie nationale;561500
2024;NLD;Pays-Bas;PT_B1GQ;Pourcentage du PIB;50
2002;PRT;Portugal;PT_B1GQ;Pourcentage du PIB;68,2
2002;PRT;Portugal;XDC;Monnaie nationale;97291,8
2003;PRT;Portugal;PT_B1GQ;Pourcentage du PIB;72,5
2003;PRT;Portugal;XDC;Monnaie nationale;105925,3
2004;PRT;Portugal;PT_B1GQ;Pourcentage du PIB;76,9
2004;PRT;Portugal;XDC;Monnaie nationale;117033,7
2005;PRT;Portugal;XDC;Monnaie nationale;127617
2005;PRT;Portugal;PT_B1GQ;Pourcentage du PIB;80,5
2006;PRT;Portugal;XDC;Monnaie nationale;135892
2006;PRT;Portugal;PT_B1GQ;Pourcentage du PIB;81,7
2007;PRT;Portugal;XDC;Monnaie nationale;140160,2
2007;PRT;Portugal;PT_B1GQ;Pourcentage du PIB;79,9
2008;PRT;Portugal;XDC;Monnaie nationale;146719,5
2008;PRT;Portugal;PT_B1GQ;Pourcentage du PIB;81,9
2009;PRT;Portugal;XDC;Monnaie nationale;165840,1
2009;PRT;Portugal;PT_B1GQ;Pourcentage du PIB;94,5
2010;PRT;Portugal;XDC;Monnaie nationale;195891,8
2010;PRT;Portugal;PT_B1GQ;Pourcentage du PIB;108,9
2011;PRT;Portugal;XDC;Monnaie nationale;223196,9
2011;PRT;Portugal;PT_B1GQ;Pourcentage du PIB;126,6
2012;PRT;Portugal;XDC;Monnaie nationale;233967,4
2012;PRT;Portugal;PT_B1GQ;Pourcentage du PIB;138,8
2013;PRT;Portugal;XDC;Monnaie nationale;240283,2
2013;PRT;Portugal;PT_B1GQ;Pourcentage du PIB;140,8
2014;PRT;Portugal;XDC;Monnaie nationale;245289
2014;PRT;Portugal;PT_B1GQ;Pourcentage du PIB;141,6
2015;PRT;Portugal;XDC;Monnaie nationale;248922,4
2015;PRT;Portugal;PT_B1GQ;Pourcentage du PIB;138,8
2016;PRT;Portugal;XDC;Monnaie nationale;258046,1
2016;PRT;Portugal;PT_B1GQ;Pourcentage du PIB;138,5
2017;PRT;Portugal;XDC;Monnaie nationale;259739,2
2017;PRT;Portugal;PT_B1GQ;Pourcentage du PIB;132,9
2018;PRT;Portugal;XDC;Monnaie nationale;261043,6
2018;PRT;Portugal;PT_B1GQ;Pourcentage du PIB;127,3
2019;PRT;Portugal;XDC;Monnaie nationale;261234,3
2019;PRT;Portugal;PT_B1GQ;Pourcentage du PIB;121,8
2020;PRT;Portugal;XDC;Monnaie nationale;281993,3
2020;PRT;Portugal;PT_B1GQ;Pourcentage du PIB;140,3
2021;PRT;Portugal;XDC;Monnaie nationale;282052
2021;PRT;Portugal;PT_B1GQ;Pourcentage du PIB;130,3
2022;PRT;Portugal;XDC;Monnaie nationale;286087,7
2022;PRT;Portugal;PT_B1GQ;Pourcentage du PIB;117,3
2023;PRT;Portugal;XDC;Monnaie nationale;282487,5
2023;PRT;Portugal;PT_B1GQ;Pourcentage du PIB;104,5
2024;PRT;Portugal;PT_B1GQ;Pourcentage du PIB;99,7
2024;PRT;Portugal;XDC;Monnaie nationale;288960,2
2006;SVK;Republique slovaque;XDC;Monnaie nationale;20672,3
2006;SVK;Republique slovaque;PT_B1GQ;Pourcentage du PIB;36,7
2007;SVK;Republique slovaque;PT_B1GQ;Pourcentage du PIB;36
2007;SVK;Republique slovaque;XDC;Monnaie nationale;22737,6
2008;SVK;Republique slovaque;XDC;Monnaie nationale;23859,8
2008;SVK;Republique slovaque;PT_B1GQ;Pourcentage du PIB;34,8
2009;SVK;Republique slovaque;PT_B1GQ;Pourcentage du PIB;44,5
2009;SVK;Republique slovaque;XDC;Monnaie nationale;28501,1
2010;SVK;Republique slovaque;PT_B1GQ;Pourcentage du PIB;48,4
2010;SVK;Republique slovaque;XDC;Monnaie nationale;33283,3
2011;SVK;Republique slovaque;PT_B1GQ;Pourcentage du PIB;50,3
2011;SVK;Republique slovaque;XDC;Monnaie nationale;36004,8
2012;SVK;Republique slovaque;PT_B1GQ;Pourcentage du PIB;59,5
2012;SVK;Republique slovaque;XDC;Monnaie nationale;43897,5
2013;SVK;Republique slovaque;PT_B1GQ;Pourcentage du PIB;59,3
2013;SVK;Republique slovaque;XDC;Monnaie nationale;44242
2014;SVK;Republique slovaque;PT_B1GQ;Pourcentage du PIB;58,6
2014;SVK;Republique slovaque;XDC;Monnaie nationale;44857,9
2015;SVK;Republique slovaque;PT_B1GQ;Pourcentage du PIB;57,2
2015;SVK;Republique slovaque;XDC;Monnaie nationale;45939,3
2016;SVK;Republique slovaque;PT_B1GQ;Pourcentage du PIB;58,1
2016;SVK;Republique slovaque;XDC;Monnaie nationale;47445,6
2017;SVK;Republique slovaque;PT_B1GQ;Pourcentage du PIB;56,6
2017;SVK;Republique slovaque;XDC;Monnaie nationale;48049,3
2018;SVK;Republique slovaque;PT_B1GQ;Pourcentage du PIB;55
2018;SVK;Republique slovaque;XDC;Monnaie nationale;49657,2
2019;SVK;Republique slovaque;PT_B1GQ;Pourcentage du PIB;53,6
2019;SVK;Republique slovaque;XDC;Monnaie nationale;50661,9
2020;SVK;Republique slovaque;PT_B1GQ;Pourcentage du PIB;64,6
2020;SVK;Republique slovaque;XDC;Monnaie nationale;60901
2021;SVK;Republique slovaque;PT_B1GQ;Pourcentage du PIB;65,9
2021;SVK;Republique slovaque;XDC;Monnaie nationale;67132,5
2022;SVK;Republique slovaque;PT_B1GQ;Pourcentage du PIB;65,7
2022;SVK;Republique slovaque;XDC;Monnaie nationale;72261,6
2023;SVK;Republique slovaque;XDC;Monnaie nationale;76384,9
2023;SVK;Republique slovaque;PT_B1GQ;Pourcentage du PIB;61,8
2024;SVK;Republique slovaque;XDC;Monnaie nationale;84530,5
2024;SVK;Republique slovaque;PT_B1GQ;Pourcentage du PIB;64,9
2002;GLB;Global (Europe);XDC;Monnaie nationale;5451346,3
2002;GLB;Global (Europe);PT_B1GQ;Pourcentage du PIB;54,9
2003;GLB;Global (Europe);XDC;Monnaie nationale;5723341
2003;GLB;Global (Europe);PT_B1GQ;Pourcentage du PIB;57,3
2004;GLB;Global (Europe);XDC;Monnaie nationale;5969382,9
2004;GLB;Global (Europe);PT_B1GQ;Pourcentage du PIB;58,4
2005;GLB;Global (Europe);XDC;Monnaie nationale;6246461,4
2005;GLB;Global (Europe);PT_B1GQ;Pourcentage du PIB;60,1
2006;GLB;Global (Europe);XDC;Monnaie nationale;6438080,1
2006;GLB;Global (Europe);PT_B1GQ;Pourcentage du PIB;59,9
2007;GLB;Global (Europe);XDC;Monnaie nationale;6589288,9
2007;GLB;Global (Europe);PT_B1GQ;Pourcentage du PIB;59,6
2008;GLB;Global (Europe);XDC;Monnaie nationale;7099918
2008;GLB;Global (Europe);PT_B1GQ;Pourcentage du PIB;63,9
2009;GLB;Global (Europe);XDC;Monnaie nationale;7837868,6
2009;GLB;Global (Europe);PT_B1GQ;Pourcentage du PIB;73,8
2010;GLB;Global (Europe);XDC;Monnaie nationale;8607776,2
2010;GLB;Global (Europe);PT_B1GQ;Pourcentage du PIB;79,4
2011;GLB;Global (Europe);XDC;Monnaie nationale;9074488,3
2011;GLB;Global (Europe);PT_B1GQ;Pourcentage du PIB;82,2
2012;GLB;Global (Europe);XDC;Monnaie nationale;9561387,2
2012;GLB;Global (Europe);PT_B1GQ;Pourcentage du PIB;87,4
2013;GLB;Global (Europe);XDC;Monnaie nationale;9908046,5
2013;GLB;Global (Europe);PT_B1GQ;Pourcentage du PIB;90,7
2014;GLB;Global (Europe);XDC;Monnaie nationale;10173258,6
2014;GLB;Global (Europe);PT_B1GQ;Pourcentage du PIB;91,8
2015;GLB;Global (Europe);XDC;Monnaie nationale;10319551,5
2015;GLB;Global (Europe);PT_B1GQ;Pourcentage du PIB;91,1
2016;GLB;Global (Europe);XDC;Monnaie nationale;10478589,4
2016;GLB;Global (Europe);PT_B1GQ;Pourcentage du PIB;90,9
2017;GLB;Global (Europe);XDC;Monnaie nationale;10622095,2
2017;GLB;Global (Europe);PT_B1GQ;Pourcentage du PIB;89,9
2018;GLB;Global (Europe);XDC;Monnaie nationale;10745408,6
2018;GLB;Global (Europe);PT_B1GQ;Pourcentage du PIB;89,3
2019;GLB;Global (Europe);XDC;Monnaie nationale;10800339,3
2019;GLB;Global (Europe);PT_B1GQ;Pourcentage du PIB;88,4
2020;GLB;Global (Europe);XDC;Monnaie nationale;11887052,9
2020;GLB;Global (Europe);PT_B1GQ;Pourcentage du PIB;103,5
2021;GLB;Global (Europe);XDC;Monnaie nationale;12562953,3
2021;GLB;Global (Europe);PT_B1GQ;Pourcentage du PIB;102,9
2022;GLB;Global (Europe);XDC;Monnaie nationale;13040083,5
2022;GLB;Global (Europe);PT_B1GQ;Pourcentage du PIB;103,0
2023;GLB;Global (Europe);XDC;Monnaie nationale;13506956,6
2023;GLB;Global (Europe);PT_B1GQ;Pourcentage du PIB;106,4
2024;GLB;Global (Europe);XDC;Monnaie nationale;14002913,5
2024;GLB;Global (Europe);PT_B1GQ;Pourcentage du PIB;109,3
