Annee;cde_Pays;pays;Total;Femmes;Hommes
2002;AUT;Autriche;8080292;4161549;3918743
2003;AUT;Autriche;8114402;4175339;3939063
2004;AUT;Autriche;8166432;4199831;3966601
2005;AUT;Autriche;8222090;4224101;3997989
2006;AUT;Autriche;8265675;4243724;4021951
2007;AUT;Autriche;8293654;4257489;4036165
2008;AUT;Autriche;8319388;4270076;4049312
2009;AUT;Autriche;8338752;4278322;4060430
2010;AUT;Autriche;8357367;4287120;4070247
2011;AUT;Autriche;8384901;4299237;4085664
2012;AUT;Autriche;8420328;4313398;4106930
2013;AUT;Autriche;8472176;4335521;4136655
2014;AUT;Autriche;8538350;4364420;4173930
2015;AUT;Autriche;8618709;4395426;4223283
2016;AUT;Autriche;8737663;4442720;4294943
2017;AUT;Autriche;8790624;4467649;4322975
2018;AUT;Autriche;8833192;4488128;4345064
2019;AUT;Autriche;8872344;4507152;4365192
2020;AUT;Autriche;8912293;4526095;4386198
2021;AUT;Autriche;8945279;4540354;4404925
2022;AUT;Autriche;9058407;4600964;4457443
2023;AUT;Autriche;9125730;4627659;4498071
2024;AUT;Autriche;9174908;4651815;4523093
2002;BEL;Belgique;10332786;5278201;5054585
2003;BEL;Belgique;10376131;5299099;5077032
2004;BEL;Belgique;10421136;5321888;5099248
2005;BEL;Belgique;10478620;5351045;5127575
2006;BEL;Belgique;10547956;5385342;5162614
2007;BEL;Belgique;10624835;5422631;5202204
2008;BEL;Belgique;10709108;5463280;5245828
2009;BEL;Belgique;10796498;5506059;5290439
2010;BEL;Belgique;10895591;5554362;5341229
2011;BEL;Belgique;10993609;5601588;5392021
2012;BEL;Belgique;11067748;5637105;5430643
2013;BEL;Belgique;11125033;5664133;5460900
2014;BEL;Belgique;11179778;5690077;5489701
2015;BEL;Belgique;11238474;5717162;5521312
2016;BEL;Belgique;11295003;5742234;5552769
2017;BEL;Belgique;11349081;5766124;5582957
2018;BEL;Belgique;11403740;5790674;5613066
2019;BEL;Belgique;11462023;5817880;5644143
2020;BEL;Belgique;11506938;5838303;5668635
2021;BEL;Belgique;11552615;5859562;5693053
2022;BEL;Belgique;11640788;5905629;5735159
2023;BEL;Belgique;11730606;5951285;5779321
2024;BEL;Belgique;11794601;5980979;5813622
2002;DEU;Allemagne;82488493;42178716;40309777
2003;DEU;Allemagne;82534175;42183725;40350450
2004;DEU;Allemagne;82516268;42161445;40354823
2005;DEU;Allemagne;82469421;42122629;40346792
2006;DEU;Allemagne;82376447;42055883;40320564
2007;DEU;Allemagne;82266373;41978642;40287731
2008;DEU;Allemagne;82110097;41880811;40229286
2009;DEU;Allemagne;81902308;41758360;40143948
2010;DEU;Allemagne;81776936;41668915;40108021
2011;DEU;Allemagne;80274981;41097710;39177271
2012;DEU;Allemagne;80425826;41120365;39305461
2013;DEU;Allemagne;80645605;41176655;39468950
2014;DEU;Allemagne;80982495;41286307;39696188
2015;DEU;Allemagne;81686608;41511818;40174790
2016;DEU;Allemagne;82348669;41743046;40605623
2017;DEU;Allemagne;82657000;41886659;40770341
2018;DEU;Allemagne;82905788;42000654;40905134
2019;DEU;Allemagne;83092956;42090809;41002147
2020;DEU;Allemagne;83160877;42128808;41032069
2021;DEU;Allemagne;83196076;42149424;41046652
2022;DEU;Allemagne;83797987;42485067;41312920
2023;DEU;Allemagne;83287281;42246460;41040821
2024;DEU;Allemagne;83620575;42339093;41281482
2002;ESP;Espagne;41423520;21096666;20326854
2003;ESP;Espagne;42196231;21458232;20737999
2004;ESP;Espagne;42859172;21766121;21093052
2005;ESP;Espagne;43662613;22120648;21541965
2006;ESP;Espagne;44360521;22459813;21900709
2007;ESP;Espagne;45236004;22873931;22362074
2008;ESP;Espagne;45983169;23226305;22756864
2009;ESP;Espagne;46367550;23433048;22934502
2010;ESP;Espagne;46562483;23553902;23008580
2011;ESP;Espagne;46736257;23662983;23073274
2012;ESP;Espagne;46749303;23700373;23048930
2013;ESP;Espagne;46581124;23648876;22932248
2014;ESP;Espagne;46433050;23597473;22835577
2015;ESP;Espagne;46384379;23586945;22797434
2016;ESP;Espagne;46427100;23622448;22804652
2017;ESP;Espagne;46510461;23678767;22831694
2018;ESP;Espagne;46715383;23794728;22920655
2019;ESP;Espagne;47087778;23986952;23100826
2020;ESP;Espagne;47344852;24121834;23223018
2021;ESP;Espagne;47346836;24123446;23223390
2022;ESP;Espagne;47781354;24359429;23421925
2023;ESP;Espagne;48320520;24638589;23681931
2024;ESP;Espagne;48807137;24878803;23928334
2002;EST;Estonie;1379350;737205;642145
2003;EST;Estonie;1370720;733000;637720
2004;EST;Estonie;1362550;728970;633580
2005;EST;Estonie;1354775;724955;629820
2006;EST;Estonie;1346810;720715;626095
2007;EST;Estonie;1340680;717525;623155
2008;EST;Estonie;1337090;715405;621685
2009;EST;Estonie;1334515;713455;621060
2010;EST;Estonie;1331475;711225;620250
2011;EST;Estonie;1327439;708520;618919
2012;EST;Estonie;1322696;705543;617153
2013;EST;Estonie;1317997;702454;615543
2014;EST;Estonie;1314545;699891;614654
2015;EST;Estonie;1314608;699059;615549
2016;EST;Estonie;1315790;698667;617123
2017;EST;Estonie;1317384;698073;619311
2018;EST;Estonie;1321977;698617;623360
2019;EST;Estonie;1326855;699414;627441
2020;EST;Estonie;1329479;699398;630081
2021;EST;Estonie;1330932;698767;632165
2022;EST;Estonie;1348840;708449;640391
2023;EST;Estonie;1370286;720796;649490
2024;EST;Estonie;1372341;721658;650683
2002;FIN;Finlande;5200598;2659341;2541257
2003;FIN;Finlande;5213010;2664106;2548904
2004;FIN;Finlande;5228173;2670685;2557488
2005;FIN;Finlande;5246100;2678886;2567214
2006;FIN;Finlande;5266266;2688223;2578043
2007;FIN;Finlande;5288719;2698451;2590268
2008;FIN;Finlande;5313398;2709177;2604221
2009;FIN;Finlande;5338867;2720512;2618355
2010;FIN;Finlande;5363341;2731604;2631737
2011;FIN;Finlande;5388272;2742799;2645473
2012;FIN;Finlande;5413967;2754391;2659576
2013;FIN;Finlande;5438975;2765478;2673497
2014;FIN;Finlande;5461507;2775397;2686110
2015;FIN;Finlande;5479528;2782852;2696676
2016;FIN;Finlande;5495297;2788392;2706905
2017;FIN;Finlande;5508209;2792482;2715727
2018;FIN;Finlande;5515525;2794313;2721212
2019;FIN;Finlande;5521605;2795830;2725775
2020;FIN;Finlande;5529545;2798508;2731037
2021;FIN;Finlande;5541020;2802563;2738457
2022;FIN;Finlande;5556108;2807818;2748290
2023;FIN;Finlande;5583901;2820218;2763683
2024;FIN;Finlande;5619914;2837576;2782338
2002;FRA;France;61604550;31746213;29858337
2003;FRA;France;62037544;31982904;30054640
2004;FRA;France;62490800;32232036;30258764
2005;FRA;France;62958328;32490510;30467818
2006;FRA;France;63393406;32717508;30675898
2007;FRA;France;63781275;32911253;30870022
2008;FRA;France;64133174;33091110;31042064
2009;FRA;France;64458715;33256028;31202687
2010;FRA;France;64773169;33412925;31360244
2011;FRA;France;65087317;33572806;31514511
2012;FRA;France;65402998;33731249;31671749
2013;FRA;France;65735961;33898446;31837515
2014;FRA;France;66276671;34184117;32092554
2015;FRA;France;66512558;34319022;32193536
2016;FRA;France;66688563;34424889;32263674
2017;FRA;France;66883314;34535809;32347505
2018;FRA;France;67125071;34658234;32466837
2019;FRA;France;67349922;34767060;32582862
2020;FRA;France;67569466;34871021;32698445
2021;FRA;France;67878650;35011264;32867386
2022;FRA;France;68153150;35132417;33020733
2023;FRA;France;68341348;35213643;33127705
2024;FRA;France;68521113;35290689;33230424
2002;GRC;Grece;10902022;5514108;5387914
2003;GRC;Grece;10928072;5527645;5400427
2004;GRC;Grece;10955142;5542873;5412269
2005;GRC;Grece;10987316;5561388;5425928
2006;GRC;Grece;11020366;5582547;5437819
2007;GRC;Grece;11048466;5603373;5445093
2008;GRC;Grece;11077839;5625818;5452021
2009;GRC;Grece;11107017;5648540;5458477
2010;GRC;Grece;11121344;5664187;5457157
2011;GRC;Grece;11104900;5666236;5438664
2012;GRC;Grece;11045010;5649941;5395069
2013;GRC;Grece;10965209;5625465;5339744
2014;GRC;Grece;10892415;5601600;5290815
2015;GRC;Grece;10820883;5574583;5246300
2016;GRC;Grece;10775966;5553222;5222744
2017;GRC;Grece;10754679;5539021;5215658
2018;GRC;Grece;10732877;5523712;5209165
2019;GRC;Grece;10721584;5509696;5211888
2020;GRC;Grece;10698597;5492829;5205768
2021;GRC;Grece;10569211;5413812;5155399
2022;GRC;Grece;10436881;5334211;5102670
2023;GRC;Grece;10407358;5313609;5093749
2024;GRC;Grece;10392589;5293223;5099366
2002;IRL;Irlande;3917203;1971039;1946164
2003;IRL;Irlande;3979853;2002939;1976914
2004;IRL;Irlande;4045188;2033274;2011914
2005;IRL;Irlande;4133839;2072008;2061831
2006;IRL;Irlande;4232929;2115607;2117322
2007;IRL;Irlande;4375842;2184567;2191275
2008;IRL;Irlande;4485070;2246489;2238581
2009;IRL;Irlande;4533395;2276053;2257342
2010;IRL;Irlande;4554763;2292582;2262181
2011;IRL;Irlande;4574888;2304382;2270506
2012;IRL;Irlande;4593697;2318680;2275017
2013;IRL;Irlande;4614669;2328538;2286131
2014;IRL;Irlande;4645440;2346399;2299041
2015;IRL;Irlande;4687787;2370069;2317718
2016;IRL;Irlande;4739597;2393051;2346546
2017;IRL;Irlande;4810895;2430068;2380827
2018;IRL;Irlande;4884896;2465390;2419506
2019;IRL;Irlande;4958471;2502165;2456306
2020;IRL;Irlande;5029875;2538097;2491778
2021;IRL;Irlande;5074668;2560645;2514023
2022;IRL;Irlande;5183966;2622012;2561954
2023;IRL;Irlande;5281612;2675442;2606170
2024;IRL;Irlande;5380313;2723077;2657236
2002;ITA;Italie;57089823;29452156;27637667
2003;ITA;Italie;57399187;29603801;27795386
2004;ITA;Italie;57828178;29812164;28016014
2005;ITA;Italie;58166684;29977383;28189301
2006;ITA;Italie;58399863;30097335;28302528
2007;ITA;Italie;58756247;30286647;28469600
2008;ITA;Italie;59211183;30528336;28682847
2009;ITA;Italie;59555456;30713313;28842143
2010;ITA;Italie;59819402;30860476;28958926
2011;ITA;Italie;60026844;30974257;29052587
2012;ITA;Italie;60191243;31049119;29142124
2013;ITA;Italie;60311616;31093905;29217711
2014;ITA;Italie;60320708;31085787;29234921
2015;ITA;Italie;60229599;31018921;29210678
2016;ITA;Italie;60115220;30929374;29185846
2017;ITA;Italie;60002254;30834692;29167562
2018;ITA;Italie;59877216;30733389;29143827
2019;ITA;Italie;59729077;30638433;29090644
2020;ITA;Italie;59438845;30480687;28958158
2021;ITA;Italie;59133173;30290583;28842590
2022;ITA;Italie;59013671;30196776;28816895
2023;ITA;Italie;58984217;30153437;28830780
2024;ITA;Italie;58952700;30090942;28861758
2002;LTU;Lituanie;3443067;1835741;1607326
2003;LTU;Lituanie;3415213;1822655;1592558
2004;LTU;Lituanie;3377075;1803934;1573141
2005;LTU;Lituanie;3322528;1777164;1545364
2006;LTU;Lituanie;3269909;1752280;1517629
2007;LTU;Lituanie;3231294;1734187;1497107
2008;LTU;Lituanie;3198231;1717845;1480386
2009;LTU;Lituanie;3162916;1701140;1461776
2010;LTU;Lituanie;3097282;1668571;1428711
2011;LTU;Lituanie;3028115;1632748;1395367
2012;LTU;Lituanie;2987773;1611572;1376201
2013;LTU;Lituanie;2957689;1595246;1362443
2014;LTU;Lituanie;2932367;1581241;1351126
2015;LTU;Lituanie;2904910;1566978;1337932
2016;LTU;Lituanie;2868231;1547334;1320897
2017;LTU;Lituanie;2828403;1523663;1304740
2018;LTU;Lituanie;2801543;1505101;1296442
2019;LTU;Lituanie;2794137;1494164;1299973
2020;LTU;Lituanie;2794885;1485909;1308976
2021;LTU;Lituanie;2808380;1502598;1305782
2022;LTU;Lituanie;2831638;1510431;1321207
2023;LTU;Lituanie;2871585;1520724;1350860
2024;LTU;Lituanie;2888055;1518235;1369820
2002;LUX;Luxembourg;446166;226253;219913
2003;LUX;Luxembourg;451626;228770;222856
2004;LUX;Luxembourg;458098;231666;226432
2005;LUX;Luxembourg;465152;235025;230127
2006;LUX;Luxembourg;472641;238695;233946
2007;LUX;Luxembourg;479992;242291;237701
2008;LUX;Luxembourg;488647;246426;242221
2009;LUX;Luxembourg;497783;250661;247122
2010;LUX;Luxembourg;506953;254939;252014
2011;LUX;Luxembourg;518351;260129;258222
2012;LUX;Luxembourg;530952;265831;265121
2013;LUX;Luxembourg;543358;271595;271763
2014;LUX;Luxembourg;556322;277776;278546
2015;LUX;Luxembourg;569605;284021;285584
2016;LUX;Luxembourg;583459;290544;292915
2017;LUX;Luxembourg;596337;296724;299613
2018;LUX;Luxembourg;607950;302298;305652
2019;LUX;Luxembourg;620003;308158;311845
2020;LUX;Luxembourg;630413;313207;317206
2021;LUX;Luxembourg;640064;317803;322261
2022;LUX;Luxembourg;653108;324352;328756
2023;LUX;Luxembourg;666428;331066;335362
2024;LUX;Luxembourg;677010;336469;340541
2002;LVA;Lettonie;2310176;1249638;1060538
2003;LVA;Lettonie;2287955;1238310;1049645
2004;LVA;Lettonie;2263123;1224835;1038288
2005;LVA;Lettonie;2238799;1211715;1027084
2006;LVA;Lettonie;2218351;1200429;1017922
2007;LVA;Lettonie;2200325;1189908;1010417
2008;LVA;Lettonie;2177324;1177476;999848
2009;LVA;Lettonie;2141668;1159879;981789
2010;LVA;Lettonie;2097553;1138119;959434
2011;LVA;Lettonie;2059710;1118336;941374
2012;LVA;Lettonie;2034324;1103627;930697
2013;LVA;Lettonie;2012647;1090837;921810
2014;LVA;Lettonie;1993785;1079654;914131
2015;LVA;Lettonie;1977523;1069775;907748
2016;LVA;Lettonie;1959535;1059544;899991
2017;LVA;Lettonie;1942247;1049585;892662
2018;LVA;Lettonie;1927170;1039898;887272
2019;LVA;Lettonie;1913826;1030892;882934
2020;LVA;Lettonie;1900448;1022360;878088
2021;LVA;Lettonie;1884488;1012347;872141
2022;LVA;Lettonie;1879374;1008687;870687
2023;LVA;Lettonie;1883708;1012032;871676
2024;LVA;Lettonie;1866124;1001694;864430
2002;NLD;Pays-Bas;16148921;8155203;7993718
2003;NLD;Pays-Bas;16225303;8194611;8030692
2004;NLD;Pays-Bas;16281777;8225833;8055944
2005;NLD;Pays-Bas;16319871;8248178;8071693
2006;NLD;Pays-Bas;16346096;8263140;8082956
2007;NLD;Pays-Bas;16381696;8281402;8100294
2008;NLD;Pays-Bas;16445590;8311360;8134230
2009;NLD;Pays-Bas;16530387;8350452;8179935
2010;NLD;Pays-Bas;16615390;8391911;8223479
2011;NLD;Pays-Bas;16693074;8429897;8263177
2012;NLD;Pays-Bas;16754963;8459856;8295107
2013;NLD;Pays-Bas;16804430;8483568;8320862
2014;NLD;Pays-Bas;16865008;8511387;8353621
2015;NLD;Pays-Bas;16939925;8544923;8395002
2016;NLD;Pays-Bas;17030314;8584197;8446117
2017;NLD;Pays-Bas;17131295;8630221;8501074
2018;NLD;Pays-Bas;17231622;8677561;8554061
2019;NLD;Pays-Bas;17344876;8730317;8614559
2020;NLD;Pays-Bas;17441500;8774214;8667286
2021;NLD;Pays-Bas;17533048;8817044;8716004
2022;NLD;Pays-Bas;17700981;8903092;8797889
2023;NLD;Pays-Bas;17877121;8991578;8885543
2024;NLD;Pays-Bas;17994238;9044083;8950155
2002;PRT;Portugal;10419631;5391273,5;5028357
2003;PRT;Portugal;10458821;5416486,5;5042334,5
2004;PRT;Portugal;10483861;5433335,5;5050525,5
2005;PRT;Portugal;10503330;5447062,5;5056267,5
2006;PRT;Portugal;10522288;5460684;5061604
2007;PRT;Portugal;10542964;5475892,5;5067071
2008;PRT;Portugal;10558177;5490183,5;5067993
2009;PRT;Portugal;10568247;5503254,5;5064992
2010;PRT;Portugal;10573100;5514456;5058644
2011;PRT;Portugal;10574536;5524164;5050371,5
2012;PRT;Portugal;10531420;5510578;5020841,5
2013;PRT;Portugal;10473991;5489671;4984319,5
2014;PRT;Portugal;10419607;5469600;4950006,5
2015;PRT;Portugal;10381838;5454771;4927066,5
2016;PRT;Portugal;10356516;5442815,5;4913700,5
2017;PRT;Portugal;10340124;5434840,5;4905283,5
2018;PRT;Portugal;10334633;5434010,5;4900622,5
2019;PRT;Portugal;10354446;5441643,5;4912802
2020;PRT;Portugal;10384846;5449915,5;4934930,5
2021;PRT;Portugal;10407707;5452640,5;4955066,5
2022;PRT;Portugal;10468869;5474914;4993955
2023;PRT;Portugal;10578174;5526065,5;5052108
2024;PRT;Portugal;10701128;5586170;5114958
2002;SVK;Republique slovaque;5378809;2767357;2611452
2003;SVK;Republique slovaque;5378950;2768078;2610872
2004;SVK;Republique slovaque;5382574;2770261;2612313
2005;SVK;Republique slovaque;5387285;2772373;2614912
2006;SVK;Republique slovaque;5391184;2774260;2616924
2007;SVK;Republique slovaque;5397766;2776671;2621095
2008;SVK;Republique slovaque;5406972;2780077;2626895
2009;SVK;Republique slovaque;5418374;2784946;2633428
2010;SVK;Republique slovaque;5431024;2791128;2639896
2011;SVK;Republique slovaque;5398384;2769921,5;2628462,5
2012;SVK;Republique slovaque;5407579;2773713,5;2633865,5
2013;SVK;Republique slovaque;5413392,5;2775873;2637519,5
2014;SVK;Republique slovaque;5418649;2777955;2640694
2015;SVK;Republique slovaque;5423800,5;2779595,5;2644205
2016;SVK;Republique slovaque;5430797,5;2781914,5;2648883
2017;SVK;Republique slovaque;5439231,5;2785132,5;2654099
2018;SVK;Republique slovaque;5446770,5;2787975;2658795,5
2019;SVK;Republique slovaque;5454147;2790933,5;2663213,5
2020;SVK;Republique slovaque;5458827;2792909;2665918
2021;SVK;Republique slovaque;5441991;2780351,5;2661639,5
2022;SVK;Republique slovaque;5431752;2775253,5;2656498,5
2023;SVK;Republique slovaque;5426739,5;2772584;2654155,5
2024;SVK;Republique slovaque;5422069;2769986;2652083
